Model,DSC,NSD
MedSAM2_2D,0.08173333333333334,0.08076666666666667
MedSAM2_3D,0.07919166666666667,0.07185833333333333
